{
  "experiment": {
    "type": "d2_gpe_weight_sweep",
    "base_state": "parkinsonian",
    "trials_per_scale": 10,
    "seed_start": 1,
    "seeds": [
      1,
      2,
      3,
      4,
      5,
      6,
      7,
      8,
      9,
      10
    ],
    "duration_ms": 8000.0,
    "analysis_start_ms": 1000.0,
    "analysis_stop_ms": 8000.0,
    "bin_ms": 5.0,
    "focus_band_low_hz": 10.0,
    "focus_band_high_hz": 25.0,
    "healthy_reference_scale": 1.0,
    "parkinsonian_reference_scale": 1.62
  },
  "sweep_results": [
    {
      "d2_gpe_scale": 1.0,
      "populations": {
        "STN": {
          "beta_power_mean": 64.20355083598977,
          "beta_power_std": 11.754027258577544,
          "mean_rate_hz_mean": 13.885,
          "mean_rate_hz_std": 1.2053386771072323,
          "beta_peak_frequency_hz_mean": 17.421875,
          "beta_peak_frequency_hz_std": 1.7960256144644764,
          "trial_beta_power": [
            43.62742684421235,
            57.805787651161666,
            73.46103094926643,
            81.08504257076926,
            59.4136246676592,
            54.759752690228915,
            84.60387583476576,
            61.12781797795701,
            61.304862188197646,
            64.84628698567948
          ],
          "trial_mean_rate_hz": [
            11.478571428571428,
            15.485714285714286,
            14.478571428571428,
            13.307142857142857,
            15.164285714285715,
            15.164285714285715,
            14.285714285714286,
            13.571428571428571,
            13.3,
            12.614285714285714
          ],
          "trial_beta_peak_frequency_hz": [
            18.5546875,
            19.140625,
            14.2578125,
            17.7734375,
            14.84375,
            16.6015625,
            17.7734375,
            19.3359375,
            19.7265625,
            16.2109375
          ]
        },
        "GPe": {
          "beta_power_mean": 107.08738390472021,
          "beta_power_std": 23.111689340391703,
          "mean_rate_hz_mean": 13.409285714285716,
          "mean_rate_hz_std": 1.1628433221361916,
          "beta_peak_frequency_hz_mean": 15.9375,
          "beta_peak_frequency_hz_std": 2.1822621442911596,
          "trial_beta_power": [
            114.40658787487963,
            83.66516549980713,
            99.84879382038183,
            128.31823475261874,
            82.34114608002908,
            86.37648697042893,
            161.780742416134,
            111.02299042038315,
            93.59315124296452,
            109.52053996957527
          ],
          "trial_mean_rate_hz": [
            15.635714285714286,
            12.657142857142857,
            12.45,
            14.235714285714286,
            11.471428571428572,
            12.864285714285714,
            13.371428571428572,
            14.67142857142857,
            13.978571428571428,
            12.757142857142858
          ],
          "trial_beta_peak_frequency_hz": [
            18.5546875,
            18.9453125,
            12.109375,
            17.7734375,
            16.2109375,
            16.6015625,
            15.625,
            14.84375,
            12.5,
            16.2109375
          ]
        }
      }
    },
    {
      "d2_gpe_scale": 1.2,
      "populations": {
        "STN": {
          "beta_power_mean": 66.45492601936898,
          "beta_power_std": 14.033545345689415,
          "mean_rate_hz_mean": 15.778571428571428,
          "mean_rate_hz_std": 1.4021011928894578,
          "beta_peak_frequency_hz_mean": 15.46875,
          "beta_peak_frequency_hz_std": 2.6302727921144413,
          "trial_beta_power": [
            45.084644008913905,
            60.58764367341739,
            81.81376701236454,
            77.73216467756296,
            68.81206405765202,
            51.982698243084606,
            94.9890887325494,
            59.974934568944505,
            62.25213259755906,
            61.32012262164158
          ],
          "trial_mean_rate_hz": [
            12.935714285714285,
            17.4,
            16.25,
            15.35,
            17.585714285714285,
            17.085714285714285,
            16.37142857142857,
            15.335714285714285,
            15.385714285714286,
            14.085714285714285
          ],
          "trial_beta_peak_frequency_hz": [
            19.7265625,
            14.453125,
            12.109375,
            17.7734375,
            11.328125,
            13.671875,
            15.625,
            14.84375,
            18.9453125,
            16.2109375
          ]
        },
        "GPe": {
          "beta_power_mean": 84.1365020192499,
          "beta_power_std": 24.63898800777496,
          "mean_rate_hz_mean": 11.732142857142858,
          "mean_rate_hz_std": 1.2858859012448995,
          "beta_peak_frequency_hz_mean": 16.54296875,
          "beta_peak_frequency_hz_std": 2.201146745919116,
          "trial_beta_power": [
            90.07158994770792,
            65.97828248379439,
            84.89962074398503,
            105.9651024131496,
            59.34844286504253,
            56.308309284222645,
            140.78669838095962,
            98.26762700651663,
            73.32702301512592,
            66.41232405199484
          ],
          "trial_mean_rate_hz": [
            13.907142857142857,
            11.15,
            10.742857142857142,
            12.442857142857143,
            9.521428571428572,
            10.82857142857143,
            11.957142857142857,
            13.542857142857143,
            12.292857142857143,
            10.935714285714285
          ],
          "trial_beta_peak_frequency_hz": [
            19.7265625,
            18.9453125,
            12.109375,
            17.7734375,
            15.8203125,
            15.4296875,
            15.625,
            14.84375,
            18.9453125,
            16.2109375
          ]
        }
      }
    },
    {
      "d2_gpe_scale": 1.4,
      "populations": {
        "STN": {
          "beta_power_mean": 69.55526619880104,
          "beta_power_std": 18.597349059098892,
          "mean_rate_hz_mean": 17.465714285714284,
          "mean_rate_hz_std": 1.6252779981986383,
          "beta_peak_frequency_hz_mean": 13.75,
          "beta_peak_frequency_hz_std": 1.9515618744994994,
          "trial_beta_power": [
            62.466840591969216,
            72.21075539492597,
            82.11981495228353,
            96.30029814418651,
            64.03410143288579,
            54.48816024221696,
            105.00151671041209,
            61.79806544402456,
            42.52552461261992,
            54.60758446248569
          ],
          "trial_mean_rate_hz": [
            14.128571428571428,
            18.928571428571427,
            18.292857142857144,
            16.814285714285713,
            19.8,
            18.90714285714286,
            18.285714285714285,
            16.87142857142857,
            16.957142857142856,
            15.67142857142857
          ],
          "trial_beta_peak_frequency_hz": [
            15.234375,
            14.453125,
            14.0625,
            15.625,
            11.328125,
            10.3515625,
            11.1328125,
            14.84375,
            14.2578125,
            16.2109375
          ]
        },
        "GPe": {
          "beta_power_mean": 71.68851106367008,
          "beta_power_std": 26.358801646227793,
          "mean_rate_hz_mean": 10.447142857142856,
          "mean_rate_hz_std": 1.2875431437193772,
          "beta_peak_frequency_hz_mean": 15.234375,
          "beta_peak_frequency_hz_std": 2.016548359240673,